rank,tool,vendor,url,built_for,category,requirements_and_quality_in_one_system,deployment,pricing_model,standards_context,notes
1,Matrix Req,Matrix One,https://matrixone.health/matrix-req,Regulated and medical device development,requirements management; ALM; eQMS,yes,cloud; private cloud,quote based,ISO 13485; IEC 62304; ISO 14971; FDA 21 CFR Part 820 QMSR; EU MDR 2017/745,"Requirements, risk, design outputs, tests and quality management are items with live links in one validated system. Item types, fields and workflows are reconfigured by the customer rather than through a services engagement."
2,Jama Connect,Jama Software,https://www.jamasoftware.com,Enterprise systems engineering,requirements management; systems engineering,no,cloud; self managed,quote based,ISO 13485; IEC 62304; ISO 26262; DO-178C,"Live Traceability across interdependent hardware and software subsystems, with industry frameworks supplied rather than configured. The strongest general purpose answer in the category."
3,Siemens Polarion ALM,Siemens,https://polarion.plm.automation.siemens.com,Teams already standardised on Siemens tooling,ALM; requirements management,no,cloud; on premise,quote based,ISO 26262; IEC 62304; DO-178C,Deeply configurable work items. The integration with the wider Siemens PLM estate is the reason to choose it.
4,PTC Codebeamer,PTC,https://www.ptc.com/en/products/codebeamer,Software heavy products and device families,ALM; requirements management,no,cloud; on premise,quote based,ISO 26262; IEC 62304; IEC 61508,Variant management is the differentiator. Strongest on this list for one shared software base across several product configurations.
5,IBM DOORS Next,IBM,https://www.ibm.com/products/requirements-management-doors-next,Very large or long running programmes,requirements management,no,cloud; on premise,quote based,DO-178C; ISO 26262; IEC 62304,Deep link model and a very high scale ceiling. The reference implementation for programmes measured in tens of thousands of requirements.
6,Visure Requirements,Visure Solutions,https://visuresolutions.com,Custom compliance frameworks,requirements management; risk management,no,cloud; on premise,quote based,ISO 26262; IEC 62304; ISO 14971; DO-178C,Requirement centric with strong risk modules and real depth on safety critical standards. The specificity comes from configuration.
7,Modern Requirements,Modern Requirements,https://www.modernrequirements.com,Azure DevOps teams,requirements management,no,cloud; on premise,"per user, published",IEC 62304; ISO 26262,"Baselines, traceability and review workflows inside Azure DevOps work items. The integration is the product."
8,ReqView,Eccam,https://www.reqview.com,Small technical teams who want requirements in files,requirements management,no,desktop; cloud,"per user, published",IEC 62304; ISO 26262,Requirements stored as open JSON and versioned in Git alongside the code. Priced like a tool rather than a platform.
9,Perforce Helix ALM,Perforce,https://www.perforce.com/products/helix-alm,Requirements plus test management in one model,ALM; test management; requirements management,no,cloud; on premise,quote based,IEC 62304; ISO 26262; DO-178C,"Built around the requirement to test relationship, which is where most teams lose coverage."
10,Inflectra SpiraTeam,Inflectra,https://www.inflectra.com/SpiraTeam,Smaller teams wanting one system,ALM; test management; requirements management,no,cloud; on premise,"per user, published",IEC 62304,"Requirements, test management and defect tracking together at a price and complexity a mid sized team can get approved."
